<?xml version="1.0" encoding="UTF-8"?>
<project-private xmlns="http://www.netbeans.org/ns/project-private/1">
    <editor-bookmarks xmlns="http://www.netbeans.org/ns/editor-bookmarks/2" lastBookmarkId="0"/>
    <open-files xmlns="http://www.netbeans.org/ns/projectui-open-files/2">
        <group>
            <file>file:/C:/Users/chann/Documents/NetBeansProjects/ISinterfaz/web/Registrarse.jsp</file>
            <file>file:/C:/Users/chann/Documents/NetBeansProjects/ISinterfaz/web/Ingresar.jsp</file>
            <file>file:/C:/Users/chann/Documents/NetBeansProjects/ISinterfaz/web/eliminar.jsp</file>
            <file>file:/C:/Users/chann/Documents/NetBeansProjects/ISinterfaz/web/formulario.css</file>
            <file>file:/C:/Users/chann/Documents/NetBeansProjects/ISinterfaz/web/editar.jsp</file>
            <file>file:/C:/Users/chann/Documents/NetBeansProjects/ISinterfaz/web/ingresarInmueble.jsp</file>
        </group>
    </open-files>
</project-private>
